Workbook

Sheet Dashboard
A1: QuantumRadar — Sprint Progress Dashboard
A2: Cập nhật: 2026-07-06 | Nguồn: epics.md v3.1-research-build-split | Tổng: 74 stories, 7 epics (+12 story research/non-code)
A4: Total Stories | B4: Done | C4: In-Progress | D4: Ready-for-Dev | E4: Backlog | F4: Blocked
A5: =COUNTA(Stories!C:C)-1 | B5: =COUNTIF(Stories!H:H,"done") | C5: =COUNTIF(Stories!H:H,"in-progress") | D5: =COUNTIF(Stories!H:H,"ready-for-dev") | E5: =COUNTIF(Stories!H:H,"backlog") | F5: =COUNTIF(Stories!H:H,"blocked")
A8: Tiến độ theo Epic
A9: Epic | B9: Total | C9: Done | D9: In-Progress | E9: Ready | F9: Backlog | G9: % Done | H9: Status
A10: Epic 0 | B10: =COUNTIF(Stories!B:B,"Epic 0") | C10: =COUNTIFS(Stories!B:B,"Epic 0",Stories!H:H,"done") | D10: =COUNTIFS(Stories!B:B,"Epic 0",Stories!H:H,"in-progress") | E10: =COUNTIFS(Stories!B:B,"Epic 0",Stories!H:H,"ready-for-dev") | F10: =COUNTIFS(Stories!B:B,"Epic 0",Stories!H:H,"backlog") | G10: =IFERROR(C10/B10,0) | H10: =IF(C10=B10,"Done",IF(D10>0,"In-Progress",IF(E10>0,"Ready","Backlog")))
A11: Epic 1 | B11: =COUNTIF(Stories!B:B,"Epic 1") | C11: =COUNTIFS(Stories!B:B,"Epic 1",Stories!H:H,"done") | D11: =COUNTIFS(Stories!B:B,"Epic 1",Stories!H:H,"in-progress") | E11: =COUNTIFS(Stories!B:B,"Epic 1",Stories!H:H,"ready-for-dev") | F11: =COUNTIFS(Stories!B:B,"Epic 1",Stories!H:H,"backlog") | G11: =IFERROR(C11/B11,0) | H11: =IF(C11=B11,"Done",IF(D11>0,"In-Progress",IF(E11>0,"Ready","Backlog")))
A12: Epic 2 | B12: =COUNTIF(Stories!B:B,"Epic 2") | C12: =COUNTIFS(Stories!B:B,"Epic 2",Stories!H:H,"done") | D12: =COUNTIFS(Stories!B:B,"Epic 2",Stories!H:H,"in-progress") | E12: =COUNTIFS(Stories!B:B,"Epic 2",Stories!H:H,"ready-for-dev") | F12: =COUNTIFS(Stories!B:B,"Epic 2",Stories!H:H,"backlog") | G12: =IFERROR(C12/B12,0) | H12: =IF(C12=B12,"Done",IF(D12>0,"In-Progress",IF(E12>0,"Ready","Backlog")))
A13: Epic 3 | B13: =COUNTIF(Stories!B:B,"Epic 3") | C13: =COUNTIFS(Stories!B:B,"Epic 3",Stories!H:H,"done") | D13: =COUNTIFS(Stories!B:B,"Epic 3",Stories!H:H,"in-progress") | E13: =COUNTIFS(Stories!B:B,"Epic 3",Stories!H:H,"ready-for-dev") | F13: =COUNTIFS(Stories!B:B,"Epic 3",Stories!H:H,"backlog") | G13: =IFERROR(C13/B13,0) | H13: =IF(C13=B13,"Done",IF(D13>0,"In-Progress",IF(E13>0,"Ready","Backlog")))
A14: Epic 4 | B14: =COUNTIF(Stories!B:B,"Epic 4") | C14: =COUNTIFS(Stories!B:B,"Epic 4",Stories!H:H,"done") | D14: =COUNTIFS(Stories!B:B,"Epic 4",Stories!H:H,"in-progress") | E14: =COUNTIFS(Stories!B:B,"Epic 4",Stories!H:H,"ready-for-dev") | F14: =COUNTIFS(Stories!B:B,"Epic 4",Stories!H:H,"backlog") | G14: =IFERROR(C14/B14,0) | H14: =IF(C14=B14,"Done",IF(D14>0,"In-Progress",IF(E14>0,"Ready","Backlog")))
A15: Epic 5 | B15: =COUNTIF(Stories!B:B,"Epic 5") | C15: =COUNTIFS(Stories!B:B,"Epic 5",Stories!H:H,"done") | D15: =COUNTIFS(Stories!B:B,"Epic 5",Stories!H:H,"in-progress") | E15: =COUNTIFS(Stories!B:B,"Epic 5",Stories!H:H,"ready-for-dev") | F15: =COUNTIFS(Stories!B:B,"Epic 5",Stories!H:H,"backlog") | G15: =IFERROR(C15/B15,0) | H15: =IF(C15=B15,"Done",IF(D15>0,"In-Progress",IF(E15>0,"Ready","Backlog")))
A16: Epic 6 | B16: =COUNTIF(Stories!B:B,"Epic 6") | C16: =COUNTIFS(Stories!B:B,"Epic 6",Stories!H:H,"done") | D16: =COUNTIFS(Stories!B:B,"Epic 6",Stories!H:H,"in-progress") | E16: =COUNTIFS(Stories!B:B,"Epic 6",Stories!H:H,"ready-for-dev") | F16: =COUNTIFS(Stories!B:B,"Epic 6",Stories!H:H,"backlog") | G16: =IFERROR(C16/B16,0) | H16: =IF(C16=B16,"Done",IF(D16>0,"In-Progress",IF(E16>0,"Ready","Backlog")))
A19: Tiến độ theo Sprint
A20: Sprint | B20: Total | C20: Done | D20: In-Progress | E20: Ready | F20: Backlog | G20: % Done | H20: Health
A21: Sprint 1 | B21: =COUNTIF(Stories!G:G,"Sprint 1") | C21: =COUNTIFS(Stories!G:G,"Sprint 1",Stories!H:H,"done") | D21: =COUNTIFS(Stories!G:G,"Sprint 1",Stories!H:H,"in-progress") | E21: =COUNTIFS(Stories!G:G,"Sprint 1",Stories!H:H,"ready-for-dev") | F21: =COUNTIFS(Stories!G:G,"Sprint 1",Stories!H:H,"backlog") | G21: =IFERROR(C21/B21,0) | H21: =IF(G21>=1,"✅ Done",IF(G21>=0.7,"🟢 Track",IF(G21>=0.4,"🟡 Watch","🔴 Risk")))
A22: Sprint 2 | B22: =COUNTIF(Stories!G:G,"Sprint 2") | C22: =COUNTIFS(Stories!G:G,"Sprint 2",Stories!H:H,"done") | D22: =COUNTIFS(Stories!G:G,"Sprint 2",Stories!H:H,"in-progress") | E22: =COUNTIFS(Stories!G:G,"Sprint 2",Stories!H:H,"ready-for-dev") | F22: =COUNTIFS(Stories!G:G,"Sprint 2",Stories!H:H,"backlog") | G22: =IFERROR(C22/B22,0) | H22: =IF(G22>=1,"✅ Done",IF(G22>=0.7,"🟢 Track",IF(G22>=0.4,"🟡 Watch","🔴 Risk")))
A23: Sprint 3 | B23: =COUNTIF(Stories!G:G,"Sprint 3") | C23: =COUNTIFS(Stories!G:G,"Sprint 3",Stories!H:H,"done") | D23: =COUNTIFS(Stories!G:G,"Sprint 3",Stories!H:H,"in-progress") | E23: =COUNTIFS(Stories!G:G,"Sprint 3",Stories!H:H,"ready-for-dev") | F23: =COUNTIFS(Stories!G:G,"Sprint 3",Stories!H:H,"backlog") | G23: =IFERROR(C23/B23,0) | H23: =IF(G23>=1,"✅ Done",IF(G23>=0.7,"🟢 Track",IF(G23>=0.4,"🟡 Watch","🔴 Risk")))
A24: Sprint 4 | B24: =COUNTIF(Stories!G:G,"Sprint 4") | C24: =COUNTIFS(Stories!G:G,"Sprint 4",Stories!H:H,"done") | D24: =COUNTIFS(Stories!G:G,"Sprint 4",Stories!H:H,"in-progress") | E24: =COUNTIFS(Stories!G:G,"Sprint 4",Stories!H:H,"ready-for-dev") | F24: =COUNTIFS(Stories!G:G,"Sprint 4",Stories!H:H,"backlog") | G24: =IFERROR(C24/B24,0) | H24: =IF(G24>=1,"✅ Done",IF(G24>=0.7,"🟢 Track",IF(G24>=0.4,"🟡 Watch","🔴 Risk")))
A25: Sprint 5 | B25: =COUNTIF(Stories!G:G,"Sprint 5") | C25: =COUNTIFS(Stories!G:G,"Sprint 5",Stories!H:H,"done") | D25: =COUNTIFS(Stories!G:G,"Sprint 5",Stories!H:H,"in-progress") | E25: =COUNTIFS(Stories!G:G,"Sprint 5",Stories!H:H,"ready-for-dev") | F25: =COUNTIFS(Stories!G:G,"Sprint 5",Stories!H:H,"backlog") | G25: =IFERROR(C25/B25,0) | H25: =IF(G25>=1,"✅ Done",IF(G25>=0.7,"🟢 Track",IF(G25>=0.4,"🟡 Watch","🔴 Risk")))
A26: Sprint 6 | B26: =COUNTIF(Stories!G:G,"Sprint 6") | C26: =COUNTIFS(Stories!G:G,"Sprint 6",Stories!H:H,"done") | D26: =COUNTIFS(Stories!G:G,"Sprint 6",Stories!H:H,"in-progress") | E26: =COUNTIFS(Stories!G:G,"Sprint 6",Stories!H:H,"ready-for-dev") | F26: =COUNTIFS(Stories!G:G,"Sprint 6",Stories!H:H,"backlog") | G26: =IFERROR(C26/B26,0) | H26: =IF(G26>=1,"✅ Done",IF(G26>=0.7,"🟢 Track",IF(G26>=0.4,"🟡 Watch","🔴 Risk")))
A29: Status Legend
A30: backlog | B30: ready-for-dev | C30: in-progress | D30: review | E30: done | F30: blocked

Sheet Roadmap
A1: QuantumRadar — Lộ trình thực thi (Roadmap)
A2: Nguồn: epics.md v3.1 | Nguyên tắc: RESEARCH chốt decision TRƯỚC → BUILD tiêu thụ decision. [BUILD] độc lập chạy song song bằng mock (WSS 0.5).
A4: ① ƯU TIÊN NGAY — Research Sprint (5 task P0, chặn code)
A5: Thứ tự | B5: Story | C5: Việc | D5: Artifact output | E5: Mở khoá (unblock)
A6: 1 | B6: 3R.1 | C6: MPS Fragility Math Spec | D6: research/mps_fragility_model.md | E6: TOÀN BỘ Epic 3 (3A.1→...)
A7: 2 | B7: 2R.2 | C7: Graph Topology Design | D7: research/graph_topology.md | E7: Tensor shape 2B.*
A8: 3 | B8: 2R.1 | C8: Node Feature Catalog | D8: research/feature_catalog.md | E8: 2B.2 Node Feature Tensor
A9: 4 | B9: 1R.2 | C9: Schema ↔ ABI Reconciliation | D9: research/schema_abi_gap.md | E9: Decoder 1B.*
A10: 5 | B10: 4R.1 | C10: Latency Budget E2E | D10: research/latency_budget.md | E10: Perf gate 3E.1 / 5.3 / 6.1
A12: ② Research song song (P1, không chặn nhánh code độc lập)
A13: Story | B13: Việc | C13: Artifact
A14: 1R.1 | B14: Data Source Assessment | C14: research/data_sources.md
A15: 1R.3 | B15: Ground-Truth Labeling | C15: research/ground_truth_labeling.md
A16: 3R.2 | B16: Literature Review | C16: research/literature_review.md
A17: 3R.3 | B17: Naive Baseline Detector | C17: research/baseline_detector.md
A18: 4R.2 | B18: IPC Spike | C18: research/ipc_decision.md
A19: 4R.3 | B19: Failure Mode Analysis | C19: research/failure_modes.md
A20: 4R.4 | B20: Data-Flow Diagram | C20: docs/data_flow.md
A22: ③ Kế hoạch theo Wave (thứ tự khuyến nghị)
A23: Wave | B23: Giai đoạn | C23: Song song? | D23: Task chính | E23: Điều kiện bắt đầu / Gate ra
A24: 0 | B24: Contracts & Fixtures | C24: — | D24: 0.1–0.5 (DONE) | E24: ✅ Hoàn thành — mở khoá mọi thứ
A25: 1 | B25: Research Sprint (P0) | C25: 5 task song song | D25: 3R.1, 2R.2, 2R.1, 1R.2, 4R.1 | E25: Ngay sau Epic 0 → chốt blueprint math/data/arch
A26: 1b | B26: Research P1 | C26: có | D26: 1R.1, 1R.3, 3R.2, 3R.3, 4R.2, 4R.3, 4R.4 | E26: Song song Wave 1/2, không chặn
A27: 2 | B27: Foundation Build (mock) | C27: nhiều dev | D27: 1A.1-1A.3, 1B.1-1B.3, 1C.1-1C.2, 1D.1-1D.2, 2A.1-2A.3, 2B.1-2B.2, 3A.1-3A.3, 5.1-5.2 | E27: Mock WSS 0.5 + decision Wave 1
A28: 3 | B28: Research-dependent Build | C28: có | D28: 1A.4, 1B.4, 1C.4, 1D.3, 1E.1, 2A.4, 2B.3, 3A.4, 3B.*, 3C.*, 3D.*, 5.3 | E28: Cần decision Wave 1 + foundation Wave 2
A29: 4 | B29: MPS Optimization Gate | C29: — | D29: 3E.1 (<30ms), 3E.2 | E29: Sau 3B/3C/3D
A30: 5 | B30: Calibration & Isolation | C30: 2 nhánh | D30: 4.1, 4.2 (research) · 4.3, 4.4 (build) | E30: Sau 3E + 1D.3; cần 1R.3, 3R.3
A31: 6 | B31: E2E Verify & Success Signal | C31: — | D31: 6.1, 6.2, 6.3 | E31: Sau Epic 4 + Epic 5
A33: ④ Critical Path (chuỗi dài nhất — quyết định tiến độ)
A34: 0.1/0.2/0.4 → 3R.1 (math spec) → 3A.1 (baseline) → 3B/3C/3D (optimize) → 3E (gate <30ms) → 4.1/4.2 (calibrate) → 6.3 (Success Signal: RED ≥10ph trước liquidation)
A35: → Bảo vệ chuỗi này. Nút thắt = 3R.1: chưa có đặc tả toán thì cả Epic 3 chỉ là đoán.

Sheet Stories
A1: Story ID | B1: Epic | C1: Track | D1: Title | E1: Owner Role | F1: Priority | G1: Sprint | H1: Status | I1: Depends On | J1: AC Summary | K1: Started | L1: Completed | M1: Blocker Notes
A2: 0.1 | B2: Epic 0 | C2: Contracts | D2: Định nghĩa JSON Schema cho Tick-Data | E2: Architect | F2: P0 | G2: Sprint 1 | H2: done | I2: - | J2: Viết file tick_data.schema.json (JSON Schema Draft 2020-12) với các trường bắt buộc: block_number (int), tx_hash (hex 66 ký tự), log_index (int), timestamp (ISO 8601 UTC), protocol (uniswap_v3|aave_v3), event_type (swap|mint|burn|borrow|supply|withdraw|liquidation), pool_address (hex 42), token_in, token_out, amount_in, amount_out (Decimal string). Kèm 3 unit test: (a) sample hợp lệ pass, (b) thiếu block_number fail, (c) timestamp sai format fail. Commit file schema vào core/schemas/.
A3: 0.2 | B3: Epic 0 | C3: Contracts | D3: Định nghĩa JSON Schema cho Graph Snapshot | E3: AI Lead | F3: P0 | G3: Sprint 1 | H3: done | I3: - | J3: Viết graph_snapshot.schema.json mô tả cấu trúc đồ thị: nodes[] (id, type: protocol|pool|token, features {tvl, volume_24h, price, volatility, connectivity}), edges[] (source, target, type: liquidity_flow|borrow_position|shared_collateral, weight float 0-1, metadata). Kèm 1 file example graph_example.json có 10 nodes + 15 edges và unit test validate ok.
A4: 0.3 | B4: Epic 0 | C4: Contracts | D4: Định nghĩa JSON Schema cho Fragility Payload (Webhook) | E4: Backend Lead | F4: P0 | G4: Sprint 1 | H4: done | I4: - | J4: Viết fragility_payload.schema.json enforce đúng 4 trường theo SPEC FR5: timestamp (ISO 8601 UTC), fragility_score (float 0-100, 2 chữ số thập phân), alert_level (yellow|red), trigger_protocols (array ≥1 string). Contract test: reject payload thiếu field, reject score > 100, reject alert_level lạ. Sinh sample payload_yellow.json, payload_red.json.
A5: 0.4 | B5: Epic 0 | C5: Contracts | D5: Tạo bộ Fixtures Backtest lịch sử | E5: Data Analyst | F5: P0 | G5: Sprint 1 | H5: done | I5: - | J5: Chuẩn bị 3 file CSV trong fixtures/historical/: (1) luna_ust_2022-05-07_to_2022-05-12.csv (≥5000 events), (2) ftx_2022-11-06_to_2022-11-11.csv (≥5000 events), (3) normal_market_2024-01.csv (≥1000 events control). Mỗi row đúng schema 0.1. Kèm README ghi nguồn (Etherscan/Dune query id), timestamp range, count. Verify parse được bằng pandas.
A6: 0.5 | B6: Epic 0 | C6: Contracts | D6: Xây Mock WebSocket Server cho dev/CI | E6: Data Engineer 1 | F6: P0 | G6: Sprint 1 | H6: done | I6: 0.1, 0.4 | J6: Viết tools/mock_ws_server.py chạy tại ws://localhost:8546, replay fixtures 0.4 theo format Ethereum newHeads subscription. Hỗ trợ query param ?speed=1x|10x|100x|asap và ?scenario=luna|ftx|normal. Có health-check endpoint /health. Docker-compose service để CI dùng. Unit test: client connect + nhận ≥100 msg trong 5s ở speed=100x.
A7: 1R.1 | B7: Epic 1 | C7: 1R Research | D7: Đánh giá nguồn dữ liệu (Etherscan/Dune/Alchemy) | E7: Data Analyst | F7: P1 | G7: Sprint 2 | H7: backlog | I7: 0.4 | J7: [RESEARCH] So sánh Etherscan/Dune/Alchemy: rate limit, chi phí/tháng, độ sâu archival, hỗ trợ WSS. Chốt nguồn primary+fallback → research/data_sources.md; xác nhận lấy được block-range LUNA/FTX.
A8: 1R.2 | B8: Epic 1 | C8: 1R Research | D8: Đối chiếu Event Schema ↔ ABI thật | E8: Data Engineer 2 | F8: P0 | G8: Sprint 2 | H8: ready-for-dev | I8: 0.1 | J8: [RESEARCH] Map từng event Uniswap V3 (Swap/Mint/Burn)+Aave V3 (Borrow/Supply/Withdraw/LiquidationCall) từ ABI chính thức sang tick_data.schema.json. Liệt kê field khớp/thiếu/cần thêm → research/schema_abi_gap.md. Đề xuất vá schema 0.1. CHẶN decoder 1B.
A9: 1R.3 | B9: Epic 1 | C9: 1R Research | D9: Phương pháp gán nhãn Ground-Truth LUNA/FTX | E9: Quants | F9: P1 | G9: Sprint 2 | H9: backlog | I9: 0.4 | J9: [RESEARCH] Định nghĩa tiêu chí 'cascade bắt đầu' & 'RED deadline' cho LUNA (2022-05) & FTX (2022-11) từ on-chain + tường thuật → research/ground_truth_labeling.md, đối chiếu fixtures README. CHẶN Epic 4 verify.
A10: 1A.1 | B10: Epic 1 | C10: 1A Realtime WS | D10: Nạp cấu hình môi trường & secrets | E10: Data Engineer 1 | F10: P1 | G10: Sprint 2 | H10: backlog | I10: 0.1 | J10: Tạo ingestion/config.py với Pydantic BaseSettings đọc từ .env: ALCHEMY_WSS_URL, INFURA_WSS_URL (fallback), CHAIN_ID (mặc định 1), RECONNECT_MAX_TRIES=7, BUFFER_SIZE=10, LOG_LEVEL=INFO. Tạo IngestionConfig dataclass typed. Nếu thiếu biến bắt buộc → raise ConfigError với message rõ ràng. Cung cấp .env.example. Unit test: load ok, thiếu URL raise, URL sai scheme raise.
A11: 1A.2 | B11: Epic 1 | C11: 1A Realtime WS | D11: Wrapper AsyncWeb3 Client | E11: Data Engineer 1 | F11: P1 | G11: Sprint 2 | H11: backlog | I11: 1A.1 | J11: Viết ingestion/web3_client.py bọc web3.AsyncWeb3 với WebSocketProvider. Expose method async connect(), disconnect(), is_connected. Timeout connect ≤ 3 giây, raise ConnectionTimeout nếu quá. Logging INFO khi connect thành công (endpoint, chain_id). Unit test dùng aioresponses hoặc mock_ws_server (0.5): connect ok, timeout, disconnect sạch.
A12: 1A.3 | B12: Epic 1 | C12: 1A Realtime WS | D12: Reconnector Exponential Backoff | E12: Data Engineer 1 | F12: P1 | G12: Sprint 2 | H12: backlog | I12: 1A.2 | J12: Thêm decorator @with_retry_backoff cho web3_client. Chuỗi delay 0.5→1→2→4→8→16→30s (max 7 lần). Sau lần 7 raise MaxRetriesExceeded. Structured log JSON mỗi lần retry: {attempt, delay, error_type, error_msg}. Unit test: kill mock server giữa chừng → client reconnect đúng số lần và tiếp tục nhận block.
A13: 1A.4 | B13: Epic 1 | C13: 1A Realtime WS | D13: Subscribe newHeads → async generator | E13: Data Engineer 1 | F13: P1 | G13: Sprint 2 | H13: backlog | I13: 1A.3, 0.5 | J13: Method subscribe_new_heads() trả về async generator yield BlockHeader dict. Log DEBUG mỗi block (number, hash, timestamp, drift_ms = now - block.timestamp*1000). Assertion: block_number tăng monotonic. Test integration với mock_ws_server ở speed=1x trong 60s: drift trung bình < 100ms, không mất block.
... A75: 6.3 | B75: Epic 6 | C75: E2E Verify | D75: Bằng chứng Success Signal cuối cùng | E75: PM + SRE | F75: P0 | G75: Sprint 6 | H75: backlog | I75: 4.1, 4.2, 6.1 | J75: Chạy demo end-to-end trên fixture LUNA và FTX, quay screencast (asciinema/OBS) show: (a) pipeline start, (b) fragility score tăng dần, (c) RED alert fire ≥ 10 phút trước block liquidation, (d) webhook nhận payload đúng schema. Commit vào docs/demo/ + link vào README. Đây là bằng chứng SPEC Success Signal.

Sheet Epics
A1: Epic | B1: Focus | C1: Total Stories | D1: FRs Covered | E1: Track Count | F1: Est. Sprints | G1: Notes
A2: Epic 0 | B2: Contracts & Test Fixtures | C2: 5 | D2: Partial FR1, FR5 foundation | E2: 1 | F2: Sprint 1 | G2: GATE cho tất cả song song
A3: Epic 1 | B3: Data Ingestion & State | C3: 21 | D3: FR1, FR2 | E3: 6 | F3: Sprint 2-4 | G3: 5 tracks: 1A/1B/1C/1D/1E; +Track 1R (data research)
A4: Epic 2 | B4: Tensor Graph Modeling | C4: 13 | D4: FR3 representation | E4: 4 | F4: Sprint 2-4 | G4: 3 tracks: 2A/2B/2C; +Track 2R (model input)
A5: Epic 3 | B5: MPS Algorithm Optimization | C5: 19 | D5: FR3 computation | E5: 6 | F5: Sprint 2-5 | G5: 5 tracks: 3A/3B/3C/3D/3E; +Track 3R (math, PREREQ)
A6: Epic 4 | B6: Risk Calibration & Isolation | C6: 8 | D6: FR3 calibration + Success Signal | E6: 3 | F6: Sprint 5-6 | G6: Cần Epic 3E xong; +4R arch/latency design
A7: Epic 5 | B7: Alert System & API | C7: 4 | D7: FR4, FR5 | E7: 1 | F7: Sprint 2-4 | G7: Song song từ Sprint 2 (dùng mock)
A8: Epic 6 | B8: E2E Verification & NFR Audit | C8: 3 | D8: NFR1, NFR5, Success Signal | E8: 1 | F8: Sprint 6 | G8: Final gate

Sheet Team Assignment
A1: Track | B1: Owner Role | C1: Assigned To | D1: Depends On (Epic 0) | E1: Parallel With | F1: Stories Count | G1: Start Sprint
A2: Epic 0 Contracts | B2: Architect + Leads | D2: - | E2: - | F2: 5 | G2: Sprint 1
A3: Track 1A Realtime WS | B3: Data Engineer 1 | D3: 0.1, 0.5 | E3: 1B, 1C, 1D, 2*, 3*, 5* | F3: 5 | G3: Sprint 2
A4: Track 1B Event Decoding | B4: Data Engineer 2 | D4: 0.1 | E4: 1A, 1C, 1D, 2*, 3*, 5* | F4: 4 | G4: Sprint 2
A5: Track 1C Ring Buffer | B5: Data Engineer 3 | D5: 0.1 | E5: 1A, 1B, 1D, 2*, 3*, 5* | F5: 4 | G5: Sprint 2
A6: Track 1D CSV Historical | B6: Data Engineer 4 | D6: 0.1, 0.4 | E6: 1A, 1B, 1C, 2*, 3*, 5* | F6: 3 | G6: Sprint 2
A7: Track 1E Integration | B7: Data Engineer 1 + Analyst | D7: 1A/1B/1C done | E7: - | F7: 3 | G7: Sprint 3
A8: Track 2A Graph | B8: AI Engineer 1 | D8: 0.2 | E8: 2B, 2C, 3*, 5* | F8: 4 | G8: Sprint 2
A9: Track 2B Tensor Map | B9: AI Engineer 2 | D9: 0.2 | E9: 2A, 2C, 3*, 5* | F9: 4 | G9: Sprint 2
A10: Track 2C Validation | B10: Quants | D10: 0.2, 0.4 | E10: 2A, 2B (dùng mock) | F10: 3 | G10: Sprint 3
A11: Track 3A Baseline | B11: AI Engineer 3 | D11: 0.2 | E11: 3B, 3C, 3D, 5* | F11: 4 | G11: Sprint 2
A12: Track 3B Bond Dim | B12: AI Engineer 4 | D12: 0.2, 3A.4 | E12: 3C, 3D, 5* | F12: 3 | G12: Sprint 3
A13: Track 3C SVD Truncation | B13: AI Engineer 5 | D13: 0.2 | E13: 3A, 3B, 3D, 5* | F13: 4 | G13: Sprint 3
... A22: Track 4R Arch & Latency | B22: Architect | D22: - | E22: cross-cutting, chốt sớm | F22: 4 | G22: Sprint 2

Sheet Risks & Issues
A1: ID | B1: Type | C1: Severity | D1: Title | E1: Description | F1: Mitigation | G1: Owner | H1: Status | I1: Opened | J1: Closed
A2: R-001 | B2: Issue | C2: Major | D2: Legacy Story 1.1 overlap Track 1A | E2: File 1-1-web3-rpc-websocket-connection.md chồng lấn 1A.1-1A.4 | F2: Chọn retire legacy hoặc gộp 1A.5 vào file legacy | G2: PM | H2: Open | I2: 2026-07-05
A3: R-002 | B3: Issue | C3: Major | D3: 1/62 story có file chi tiết | E3: Chỉ Story 1.1 legacy có Dev Context, 61 story còn lại chỉ AC ngắn | F3: Chạy bmad-create-story batch cho Epic 0 + Sprint 2 stories | G3: PM | H3: Open | I3: 2026-07-05
A4: R-003 | B4: Issue | C4: Major | D4: Sprint-status thiếu blocked_by dependency | E4: Dev có thể pull Track 2 trước khi Epic 0 xong | F4: Thêm field blocked_by trong sprint-status.yaml | G4: Tech Lead | H4: Open | I4: 2026-07-05
A5: R-004 | B5: Risk | C5: Major | D5: Story 3E.1 gate 30ms có thể block CI vô lý | E5: Nếu baseline Track 3A p95 = 500ms, gate 30ms không đạt được sớm | F5: Enable gate chỉ sau khi Story 3A.4 chốt baseline | G5: AI Lead | H5: Open | I5: 2026-07-05
A6: R-005 | B6: Risk | C6: Minor | D6: Scope creep Story 4.4 & 5.4 | E6: Backpressure + API Auth không có FR gốc | F6: Confirm với PM: giữ hay defer v2 | G6: PM | H6: Open | I6: 2026-07-05
A7: R-006 | B7: Risk | C7: Minor | D7: Mâu thuẫn SPEC vs Brief về Frontend | E7: Brief in-scope Next.js dashboard, SPEC non-goal | F7: Xoá Frontend khỏi Brief | G7: PM | H7: Open | I7: 2026-07-05
A8: R-007 | B8: Risk | C8: Minor | D8: RPC free tier có thể rate-limit lúc thị trường sập | E8: Alchemy/Infura free có thể timeout khi Flash Crash | F8: Chuẩn bị plan upgrade dedicated node cho GA | G8: SRE | H8: Open | I8: 2026-07-05
A9: R-008 | B9: Risk | C9: Minor | D9: TorchScript floating-point drift | E9: Story 3D.2 yêu cầu bit-identical - thực tế có drift | F9: Nới AC sang tolerance 1e-6 | G9: AI Lead | H9: Open | I9: 2026-07-05
A10: R-009 | B10: Risk | C10: Minor | D10: Nansen reference data availability | E10: Story 2C.3 phụ thuộc dữ liệu public - cần confirm truy cập | F10: Verify data source + backup plan (Dune) | G10: Quants | H10: Open | I10: 2026-07-05
A11: R-010 | B11: Risk | C11: Minor | D11: Chưa có story deployment | E11: PRFAQ nói Render/Railway - epics.md không có story | F11: Thêm story deployment vào Epic 6 hoặc defer v2 | G11: SRE | H11: Open | I11: 2026-07-05

Sheet Hướng dẫn
A1: QuantumRadar — Sprint Tracker (v3.1-research-build-split)
A3: Cấu trúc file
A4: • Dashboard — KPI + tiến độ theo Epic/Sprint (tự cập nhật từ Stories)
A5: • Stories — Bảng chính, 74 stories. Cập nhật cột Status/Started/Completed/Blocker.
A6: • Epics — Tổng quan 7 Epic + FR coverage + track count
A7: • Team Assignment — Phân công 21 track (gồm 4 track research 1R/2R/3R/4R) cho dev/agent, ghi 'Assigned To'
A8: • Risks & Issues — 10 rủi ro/issue đã phát hiện, cập nhật Status. • Roadmap — Lộ trình ưu tiên: nên làm task nào trước (research sprint, wave, critical path)
A10: Cách dùng hàng ngày
A11: 1. Standup: mở Stories, filter Sprint hiện tại → xem Status của từng story.
A12: 2. Dev cập nhật cột 'Status' bằng dropdown: backlog → ready-for-dev → in-progress → review → done.
A13: 3. Nếu blocked, chuyển sang 'blocked' + ghi lý do vào 'Blocker Notes'.
A14: 4. Điền 'Started' khi bắt đầu, 'Completed' khi done.
... A33: Khi story chuyển done → cập nhật cả 2 file.
